p_val	avg_log2FC	pct.1	pct.2	p_val_adj	gene	seurat_clusters
0	1.44966439263607	0.981	0.77	0	FOS	c4
1.96983951343089e-253	1.43317950730967	0.663	0.245	6.63717725655404e-249	CD40LG	c4
8.86498046953617e-232	0.935056875672399	0.993	0.892	2.98696651940552e-227	DUSP1	c4
3.03753409906455e-221	0.952242940332321	0.988	0.79	1.02346673933881e-216	IL7R	c4
1.14180283836477e-216	1.16413914199578	0.944	0.604	3.84719048358627e-212	ANXA1	c4
3.82233531355988e-216	1.5836208484439	0.551	0.202	1.28789766055087e-211	TIMP1	c4
6.96503463996234e-191	0.847916998233132	0.985	0.778	2.34679877158891e-186	S100A11	c4
1.68672842260498e-173	2.37573202916644	0.325	0.095	5.68326274712522e-169	CDKN1A	c4
1.6024595757105e-158	1.02091593609639	0.962	0.815	5.39932729439895e-154	JUN	c4
1.62058708768371e-152	1.80456351761715	0.287	0.079	5.46040613324151e-148	DPP4	c4
7.60638397385727e-139	0.901015757253762	0.932	0.757	2.56289501615147e-134	TNFAIP3	c4
2.65701761916323e-133	1.27291262130162	0.348	0.119	8.95255516600858e-129	CTSL	c4
3.43514668864788e-133	0.745764164669095	0.978	0.854	1.15743832527302e-128	CD69	c4
3.85555821352622e-130	0.353637986063576	0.999	0.994	1.29909178446552e-125	TPT1	c4
1.01178739945652e-129	0.636470217695935	0.978	0.754	3.40911646372881e-125	LTB	c4
1.19431470723981e-114	1.48625946383653	0.323	0.114	4.02412397457382e-110	DHRS3	c4
3.83302759636134e-114	0.560856931924461	1	0.971	1.29150031831799e-109	ZFP36L2	c4
4.37678150651363e-114	1.098912614522	0.915	0.775	1.4747127608047e-109	NFKBIA	c4
5.48926724368629e-112	1.43069778506323	0.341	0.126	1.84955370508766e-107	PTGER2	c4
8.6024101844415e-112	0.911156695307648	0.747	0.475	2.89849608754572e-107	FLT3LG	c4
1.01862532682849e-111	1.03625794782404	0.62	0.339	3.43215617621593e-107	FOSB	c4
3.26988506904915e-107	1.11431071711836	0.515	0.25	1.10175507516542e-102	AQP3	c4
4.90190272858395e-107	0.948705029837886	0.67	0.381	1.65164710536907e-102	GPR183	c4
5.02230211719747e-103	0.532313214267044	0.997	0.932	1.69221447536851e-98	VIM	c4
3.75576869273985e-101	0.580569517115077	0.983	0.903	1.26546870333176e-96	KLF6	c4
1.3551439647589e-98	1.04570944609121	0.618	0.352	4.56602207485864e-94	PTGER4	c4
1.91398477211622e-95	0.589108740389164	0.98	0.918	6.44898029116841e-91	CXCR4	c4
5.46779010543616e-95	1.58741578793733	0.247	0.083	1.84231719812566e-90	CCR6	c4
1.08238395463353e-94	0.622301326891479	0.982	0.937	3.64698449674223e-90	TSC22D3	c4
4.6370258792421e-91	2.64309167121178	0.106	0.02	1.56239949975183e-86	IL4I1	c4
1.10434592912173e-88	1.05599133550608	0.466	0.233	3.72098317358275e-84	KLRB1	c4
6.13059773755682e-86	0.7571720226871	0.438	0.2	2.0656436016924e-81	HOPX	c4
2.38245554233478e-85	0.656496191075613	0.964	0.848	8.02744570434282e-81	JUNB	c4
3.42839065443246e-85	0.299720627972452	1	0.985	1.15516194710447e-80	RPL35	c4
6.57512381052265e-85	0.287112035074832	1	0.996	2.2154222167175e-80	RPS19	c4
9.30147171863885e-85	1.1143073846027	0.454	0.225	3.13403788087817e-80	SESN1	c4
1.27010764579005e-83	1.5698033107981	0.275	0.108	4.27950070172501e-79	TNFSF13B	c4
1.9036200669437e-83	0.728656962183847	0.804	0.576	6.41405745356009e-79	KLF2	c4
1.34627235146233e-80	0.531714064266524	0.968	0.821	4.53613006101716e-76	S100A10	c4
7.35117334325085e-79	0.951299076338812	0.414	0.198	2.47690434627494e-74	CAPG	c4
5.09187335774267e-71	0.281882569458369	1	0.993	1.71565580915781e-66	RPL3	c4
5.69468730458167e-71	1.04948722342301	0.375	0.178	1.91876794040575e-66	S1PR1	c4
6.14485227722407e-71	1.47234649127373	0.184	0.06	2.07044652628788e-66	FHL1	c4
3.83739947737955e-70	0.408738203168635	0.988	0.866	1.29297337990826e-65	S100A4	c4
8.28273822580205e-70	0.355624144744407	0.992	0.938	2.79078581780174e-65	FXYD5	c4
7.80381722682447e-68	0.63200505960444	0.795	0.591	2.62941817640624e-63	ARHGAP15	c4
9.59070825536253e-67	2.55511726991275	0.067	0.011	3.23149323956185e-62	PLAUR	c4
9.8561823228622e-64	0.202797590504703	1	0.999	3.32094207186519e-59	EEF1A1	c4
1.47797552369786e-63	0.942753797821197	0.341	0.16	4.97989072954756e-59	PLAC8	c4
9.1831193566284e-63	0.213899177168744	1	0.996	3.09416023602237e-58	RPS27A	c4
2.13826239572429e-61	0.240782009258494	1	0.995	7.20466131615341e-57	RPS18	c4
1.42534879632375e-59	0.816303571071206	0.444	0.246	4.80257023433324e-55	TNFRSF25	c4
4.72016312856548e-59	1.82911987665783	0.124	0.036	1.59041176453885e-54	LTC4S	c4
4.7270538865009e-59	0.801557445712321	0.734	0.553	1.59273353651761e-54	BTG2	c4
1.06037597572158e-57	0.173145448135214	1	0.995	3.57283081259629e-53	RPL32	c4
1.11520568864265e-57	1.53105896524835	0.142	0.045	3.75757404731254e-53	SPG20	c4
2.80299580511655e-57	0.223320653669742	1	0.998	9.4444140657597e-53	RPLP1	c4
1.57936683716193e-56	0.919690422086754	0.404	0.221	5.32151862113339e-52	PLK3	c4
2.48322575890726e-56	1.09635647128107	0.286	0.133	8.36698087206212e-52	PERP	c4
6.98567918161188e-55	1.1770554424246	0.215	0.088	2.35375474345231e-50	CYB561	c4
2.33872635346054e-54	0.704812733544569	0.695	0.494	7.88010457534996e-50	PPP1R15A	c4
1.56375734062625e-53	1.85617980479315	0.11	0.032	5.2689239835061e-49	AC020571.3	c4
2.29486693434568e-53	0.190700650678049	1	0.995	7.73232464858434e-49	RPL34	c4
5.93185836759095e-53	1.24101669604929	0.197	0.079	1.9986803583761e-48	ZBTB10	c4
1.08945626244644e-51	0.605856282794719	0.887	0.768	3.67081393068704e-47	DNAJB1	c4
1.66623311264275e-51	0.633271718686621	0.54	0.331	5.61420584973847e-47	RORA	c4
2.19332884200497e-51	0.633937176086599	0.92	0.823	7.39020220025153e-47	ZFP36	c4
2.86282143509386e-51	0.801219149261595	0.522	0.334	9.64599054340525e-47	CTD-3252C9.4	c4
4.94448922750604e-51	0.346500232214038	0.965	0.867	1.66599620031588e-46	LDHB	c4
5.99406845589491e-51	0.190700389981282	1	0.994	2.01964142552923e-46	RPL14	c4
6.12745383322463e-51	0.66063063342432	0.569	0.364	2.06458429456671e-46	TMEM173	c4
9.0326185176459e-51	1.40325723440768	0.184	0.073	3.04345048333561e-46	RGS16	c4
1.13246364113003e-50	1.45887153246699	0.142	0.049	3.81572299242354e-46	SLC40A1	c4
2.02021923933623e-49	0.202212561326597	1	0.993	6.80692670501951e-45	RPS6	c4
2.5993238249094e-49	0.259148131808019	1	0.991	8.75816169564972e-45	FTH1	c4
3.43228533912478e-49	0.251747640612535	0.999	0.996	1.1564742221647e-44	MT-CYB	c4
5.85455419670863e-49	0.180216333697024	1	0.997	1.97263349103901e-44	RPL13	c4
7.6143186095684e-49	0.265900209614154	0.999	0.998	2.56556851230798e-44	BTG1	c4
1.60632715599547e-48	0.658153971807147	0.568	0.372	5.41235871941113e-44	XBP1	c4
5.45310240785637e-48	0.762849118694685	0.418	0.239	1.83736832530312e-43	FKBP11	c4
1.21208555306559e-47	1.26130035137757	0.186	0.076	4.0840010624992e-43	ANTXR2	c4
1.66971744725029e-47	0.40566530120587	0.917	0.759	5.62594596676512e-43	EMP3	c4
3.34386362622809e-47	0.899991459868171	0.28	0.136	1.12668141022129e-42	CMTM8	c4
4.64479371190758e-47	1.07732126601762	0.255	0.121	1.56501679329014e-42	RIPK2	c4
4.8537758208149e-47	0.220849549121565	0.998	0.987	1.63543122506537e-42	RPS9	c4
4.18858843606461e-44	0.52995554289747	0.479	0.282	1.41130298764761e-39	CD4	c4
7.96639930554197e-44	0.641889649026526	0.472	0.284	2.68419858200931e-39	MGAT4A	c4
8.7380891454176e-44	0.590383478439881	0.643	0.461	2.94421175665701e-39	NOSIP	c4
1.14210178548476e-42	0.220788380560831	0.996	0.965	3.84819775601236e-38	EEF1B2	c4
1.50054338188292e-42	0.14783768324784	1	0.995	5.05593087091632e-38	RPS3A	c4
6.13106180594395e-42	0.176190282162364	1	0.996	2.06579996489475e-37	RPS3	c4
9.11429050066895e-42	2.63286720457772	0.04	0.006	3.0709690412954e-37	RORC	c4
1.61981296508221e-41	0.644673282534882	0.553	0.373	5.45779780454801e-37	PIM1	c4
3.41954133537801e-41	1.27744324384866	0.136	0.051	1.15218025754227e-36	CRIP2	c4
3.89885196149548e-41	0.666192239551744	0.488	0.312	1.31367917990629e-36	ICAM2	c4
4.30513879712098e-41	1.08150965382077	0.161	0.065	1.45057346630194e-36	NSG1	c4
3.19373662351221e-40	0.160361150239935	1	0.994	1.07609761792621e-35	RPS23	c4
4.25251078229364e-40	0.234610661678187	0.998	0.986	1.43284098298602e-35	MT-ND1	c4
7.58503795874557e-40	0.560568998088259	0.463	0.282	2.55570268981973e-35	THEM4	c4
8.88350992574243e-40	1.36772111596599	0.124	0.045	2.99320983437966e-35	GDPD5	c4
1.41232481625464e-39	0.874174379806077	0.249	0.122	4.7586872358884e-35	SORBS3	c4
2.19226379162854e-39	0.166701526270391	1	0.995	7.38661361951321e-35	RPS14	c4
3.08177920407075e-39	0.743045745537789	0.286	0.149	1.0383746850196e-34	SPINT2	c4
4.27113102011091e-39	0.175286094340059	1	0.992	1.43911488591617e-34	RPL36	c4
4.52975563177089e-39	1.41349048418602	0.211	0.102	1.52625586256889e-34	SGK1	c4
6.03877409878946e-39	0.666861691337921	0.55	0.374	2.03470454484612e-34	NCF1	c4
6.39238730149282e-39	0.973860942845027	0.299	0.163	2.15385097736499e-34	AREG	c4
1.93154610439722e-38	0.713195000784899	0.39	0.235	6.508151444156e-34	MYADM	c4
1.93224580208639e-38	1.13792085503862	0.215	0.105	6.51050900554987e-34	LMNA	c4
2.0076108926803e-38	0.162144438210936	1	0.995	6.76444414179699e-34	RPS25	c4
2.72144099493928e-38	0.2035217888006	1	0.996	9.16962328834841e-34	MT-CO3	c4
3.18754884505502e-38	2.57581056398608	0.034	0.005	1.07401270785284e-33	ADAM23	c4
3.54188464901722e-38	0.26260145235717	0.987	0.937	1.19340261363986e-33	ITM2B	c4
4.31430632816443e-38	0.408612914444189	0.785	0.613	1.45366237421172e-33	AHNAK	c4
4.51039793853708e-38	0.441906271106859	0.876	0.728	1.51973348141068e-33	TAGLN2	c4
1.03565506337687e-37	0.551767783122971	0.529	0.348	3.48953617054202e-33	CTSB	c4
1.3800112415995e-37	0.233285662454746	0.986	0.95	4.64980987744537e-33	MT-ND2	c4
1.40813995281804e-37	0.134919781660305	1	0.996	4.7445867570251e-33	RPL11	c4
9.68680899719537e-37	0.549528935024697	0.368	0.212	3.26387342351501e-32	MAL	c4
1.96190598512618e-36	0.148447727051146	1	0.996	6.61044602628413e-32	RPS12	c4
2.6177261159392e-36	1.39618439826757	0.196	0.095	8.82016637504554e-32	ATF3	c4
5.40546875022928e-36	0.197849554036564	0.999	0.992	1.82131864070225e-31	RPLP0	c4
7.89058160519028e-36	0.694393979224922	0.202	0.097	2.65865256605281e-31	NR4A1	c4
8.55132001829985e-36	0.68843853129404	0.367	0.216	2.88128176696595e-31	DYNLT3	c4
8.79315090091998e-36	0.512446791306494	0.612	0.431	2.96276426455598e-31	GLIPR1	c4
9.1809425922502e-36	0.168066153445481	0.999	0.987	3.09342679703278e-31	RPS5	c4
1.29741325981283e-35	1.61946493650308	0.094	0.031	4.37150423761337e-31	RARG	c4
1.39819429196145e-35	0.811369608488929	0.359	0.22	4.7110758473349e-31	PNP	c4
4.04082966979327e-35	1.75597075258299	0.069	0.019	1.36151714894014e-30	PLEKHG3	c4
1.01566963595125e-34	0.458913602366224	0.738	0.572	3.42219727137415e-30	PDCD4	c4
1.23835704097745e-34	0.202543323570251	0.995	0.962	4.17252021386942e-30	PABPC1	c4
1.43573385584214e-34	1.38058399688836	0.094	0.032	4.83756165387452e-30	SVIL	c4
4.2569586409383e-34	0.741844723061548	0.432	0.284	1.43433964447775e-29	GPR171	c4
1.09094377310402e-33	0.739478487562429	0.336	0.197	3.67582594909667e-29	FBLN7	c4
1.44505328542005e-33	0.138374974017588	1	0.996	4.86896253989431e-29	RPL30	c4
1.6162000339008e-33	0.201251407208554	0.997	0.971	5.44562439422535e-29	CD52	c4
1.76211514612789e-33	0.864107857069081	0.189	0.089	5.9372707733633e-29	MYBL1	c4
2.50354712764066e-33	0.117644817218548	1	0.993	8.43545169187246e-29	RPS13	c4
4.6576521311932e-33	0.140307417803336	1	0.994	1.56934930908424e-28	RPL8	c4
1.19385952128745e-32	0.146157583145734	1	0.988	4.02259027102594e-28	RPL5	c4
2.60080099512647e-32	2.45299587077051	0.03	0.005	8.76313887297912e-28	TGFA	c4
3.01183966531668e-32	2.9365748902336	0.022	0.003	1.0148092568318e-27	TPBG	c4
4.42683415298385e-32	0.145804020425022	1	0.995	1.49157749950638e-27	RPLP2	c4
6.16407927636946e-32	0.749740502025865	0.231	0.12	2.07692487137993e-27	LAIR1	c4
1.18029686201384e-31	1.61263070373582	0.081	0.027	3.97689224686942e-27	TTC39C-AS1	c4
3.62243348563281e-31	0.138845799253931	1	0.995	1.22054273864912e-26	RPS4X	c4
8.3876097082424e-31	1.22314479727367	0.105	0.04	2.82612121509519e-26	IGFBP3	c4
1.15625347851079e-30	0.138374212256667	1	0.994	3.89588047049426e-26	RPL18A	c4
1.58417566046002e-30	1.18173424292616	0.098	0.036	5.33772147035399e-26	IL2	c4
1.92530800621791e-30	2.5020468622318	0.031	0.005	6.48713279615061e-26	ESPN	c4
2.5028998634878e-30	0.19225853857126	0.996	0.973	8.43327080003579e-26	RPL38	c4
2.50807619386713e-30	0.688151792429568	0.322	0.195	8.4507119276159e-26	BHLHE40	c4
2.62306544323858e-30	0.155117751227314	1	0.994	8.83815670444805e-26	RPS21	c4
5.88593993694337e-30	1.04634586350001	0.133	0.057	1.9832086023537e-25	CXorf57	c4
1.44059445537022e-29	0.174532948308801	0.999	0.989	4.85393895792441e-25	MT-ATP8	c4
1.46366840037827e-29	2.539165860133	0.03	0.005	4.93168430823453e-25	SIAH3	c4
1.64652209916596e-29	0.656449667788276	0.333	0.199	5.54779156092979e-25	RP11-18H21.1	c4
7.81479179459741e-29	2.17827961435531	0.038	0.008	2.63311594727165e-24	TSPAN18	c4
1.4552633305132e-28	0.163809989684172	0.999	0.991	4.90336426583117e-24	RPSA	c4
2.56797591837928e-28	0.394822094971546	0.604	0.442	8.65253805938715e-24	C10orf54	c4
2.5703108984571e-28	0.544491737008806	0.411	0.266	8.66040554126134e-24	ERN1	c4
5.15582901872673e-28	1.65370933286485	0.052	0.014	1.73720502956978e-23	CFH	c4
6.94861480823927e-28	0.765334532265728	0.191	0.097	2.34126627348814e-23	ANK3	c4
1.51884805683017e-27	0.195280176962257	0.999	0.956	5.11760664268356e-23	MYL12A	c4
1.68666297804351e-27	0.584985926906922	0.45	0.309	5.6830422382198e-23	TRADD	c4
2.47553783848234e-27	0.736803173052631	0.38	0.251	8.34107719298239e-23	TOB1	c4
2.83433547589771e-27	0.128426522149651	1	0.993	9.55000995248973e-23	RPL29	c4
2.94458917517196e-27	0.65160624591606	0.294	0.175	9.92149876682441e-23	FBXO34	c4
4.77449683182846e-27	0.35610656661069	0.73	0.571	1.60871896251628e-22	CD6	c4
5.33120180474812e-27	0.544840559218306	0.477	0.332	1.79629513609183e-22	NFKBIZ	c4
5.76839431631604e-27	1.48231721507353	0.077	0.027	1.94360278093953e-22	QPCT	c4
6.82023147551536e-27	0.130375712281674	1	0.994	2.29800879336015e-22	RPL39	c4
2.692120957798e-26	0.557431177409063	0.62	0.475	9.07083235520458e-22	IER2	c4
2.76027632003816e-26	0.675065352521998	0.584	0.476	9.30047503273657e-22	EEF1G	c4
3.48783289152661e-26	0.244217817653132	0.945	0.854	1.17519041447098e-21	GLTSCR2	c4
6.61747593128531e-26	0.475308595534881	0.446	0.296	2.22969234028727e-21	NPC2	c4
7.79224092323452e-26	1.03434114770357	0.17	0.088	2.62551765667464e-21	EGR1	c4
9.377903800392e-26	0.224915495092414	0.967	0.904	3.15979090650408e-21	RPS20	c4
1.38478774033754e-25	0.563487906166981	0.314	0.19	4.6659038122933e-21	RASGRP2	c4
1.54621577677442e-25	0.645354390467938	0.612	0.478	5.20981943826373e-21	CITED2	c4
1.69339199620693e-25	1.40259016207178	0.075	0.027	5.70571499201963e-21	WDR86	c4
2.1486279543491e-25	3.4096591985039	0.013	0.001	7.23958702938387e-21	RAI14	c4
4.23334630358038e-25	0.283290535392344	0.389	0.244	1.42638370352837e-20	KLRG1	c4
4.36956757312441e-25	0.421616421583655	0.968	0.934	1.47228209808854e-20	TXNIP	c4
1.02694973620395e-24	0.559710965814103	0.402	0.272	3.46020444116558e-20	RELB	c4
1.38135015806916e-24	1.13185961907774	0.092	0.037	4.65432122259823e-20	NLRP3	c4
1.38773047953387e-24	1.50993212966658	0.054	0.016	4.67581907774143e-20	STX3	c4
1.95454645214594e-24	0.196388260925164	0.988	0.951	6.58564881586055e-20	RPL27A	c4
2.05091446065966e-24	0.129800750833055	1	0.993	6.91035118374666e-20	RPS16	c4
2.18410755016665e-24	0.560099766109809	0.879	0.785	7.35913197953151e-20	RPS10	c4
3.08373112707091e-24	0.741023477147368	0.27	0.166	1.03903236595527e-19	CSRNP1	c4
4.35199952095536e-24	0.4122084332341	0.73	0.594	1.4663627185907e-19	SLC2A3	c4
4.90032080167045e-24	0.592559124401072	0.341	0.221	1.65111409091484e-19	ATP2B1	c4
7.25186108895143e-24	0.139123392811451	0.999	0.993	2.44344207531129e-19	MT-ND3	c4
8.9531764646714e-24	0.535526951755637	0.371	0.244	3.01668327800638e-19	TESPA1	c4
1.09923532900144e-23	0.890931991062419	0.199	0.111	3.70376351753746e-19	ARL4A	c4
1.14104353367393e-23	0.55613821284314	0.36	0.238	3.84463208236094e-19	KDSR	c4
1.4011932130054e-23	0.541222576351204	0.299	0.182	4.72118041190039e-19	CA5B	c4
1.46248489042032e-23	0.367532068465561	0.79	0.666	4.92769658978224e-19	OCIAD2	c4
1.59030180807805e-23	1.8300985027342	0.043	0.011	5.35836291213817e-19	GPR150	c4
1.79260114942759e-23	1.11413330930127	0.113	0.051	6.03999031288133e-19	GCSAM	c4
3.46856757937157e-23	0.142267160741063	0.999	0.99	1.16869916019346e-18	RPL9	c4
3.57919207594456e-23	0.528027291255048	0.338	0.218	1.20597297806876e-18	SERINC5	c4
6.35387981011235e-23	0.146757005515535	0.999	0.988	2.14087626321925e-18	SARAF	c4
6.41392897891013e-23	1.42490190885329	0.064	0.022	2.16110923015398e-18	C10orf128	c4
7.07383201608708e-23	0.100644052594105	1	0.996	2.38345695950038e-18	RPL19	c4
9.07488433643599e-23	0.374484442437407	0.599	0.458	3.05769152831874e-18	CAST	c4
1.65645108113683e-22	0.793327088472479	0.197	0.111	5.58124627278245e-18	ANKRD28	c4
1.70524767501286e-22	2.30460090722306	0.022	0.004	5.74566151618832e-18	LL22NC03-75H12.2	c4
2.20756386797884e-22	0.356852576399181	0.644	0.5	7.43816569676789e-18	BIRC3	c4
2.45151288384411e-22	0.109190145321361	1	0.998	8.26012751082436e-18	RPL10	c4
2.50811887803926e-22	0.612992072294422	0.315	0.202	8.4508557476655e-18	IFNGR1	c4
2.53696718642421e-22	0.162780585716416	0.991	0.957	8.54805723793775e-18	TOMM7	c4
8.35306021750923e-22	0.659357811774291	0.343	0.23	2.81448010968756e-17	SKIL	c4
8.53438849574579e-22	0.138724396175969	1	0.987	2.87557685975659e-17	RPL10A	c4
9.10135707338876e-22	0.311508684408845	0.999	0.979	3.06661125230761e-17	RPL26	c4
1.04072711375354e-21	0.519853990235087	0.333	0.217	3.50662593708119e-17	ADAM8	c4
2.33344402445104e-21	0.550884532809117	0.336	0.225	7.86230629598532e-17	SOCS3	c4
2.57498202644404e-21	0.713818281199027	0.2	0.114	8.67614443990055e-17	TRABD2A	c4
2.58641893194579e-21	0.105717388101427	1	0.994	8.71467994929814e-17	RPL18	c4
2.73939639038559e-21	0.679747188367471	0.196	0.111	9.23012219776521e-17	LGALS3BP	c4
3.12199159756125e-21	0.195198741583058	0.987	0.931	1.05192384888229e-16	CALM1	c4
3.66464933066362e-21	0.491071836595365	0.388	0.264	1.2347669454738e-16	NMRK1	c4
4.10026578335014e-21	1.70536134239172	0.038	0.01	1.381543553042e-16	F2RL1	c4
4.20835333276746e-21	0.588677893214896	0.28	0.177	1.41796257194267e-16	ELK3	c4
5.3663041859775e-21	1.14320375478018	0.095	0.042	1.80812253242326e-16	IL18RAP	c4
5.66177087239027e-21	0.552338656692016	0.302	0.192	1.90767707774318e-16	TLE4	c4
5.99705619620418e-21	0.336224410427929	0.503	0.35	2.02064811474904e-16	FAM65B	c4
6.99908836437047e-21	0.697090126045979	0.344	0.236	2.35827283349099e-16	GADD45B	c4
8.45240344392719e-21	0.740670177688002	0.172	0.094	2.84795281639683e-16	SSBP2	c4
1.93980049371205e-20	0.750732565235384	0.202	0.117	6.53596378351338e-16	CDK5RAP1	c4
2.20503179403204e-20	0.40812843690847	0.936	0.861	7.42963412681157e-16	RPL17	c4
2.50729377182079e-20	0.268301750466034	0.612	0.462	8.44807563477297e-16	PBXIP1	c4
4.73250304434709e-20	1.09126818557384	0.085	0.036	1.59456957576231e-15	CH17-373J23.1	c4
6.01720096263851e-20	0.318826091223404	0.556	0.412	2.02743569235142e-15	SCML4	c4
2.1512050400422e-19	1.39067090890112	0.056	0.02	7.2482702619182e-15	SPINK2	c4
2.17528722064071e-19	1.03987431358663	0.098	0.045	7.32941276122681e-15	CCR2	c4
2.51786689281606e-19	0.444069019857996	0.345	0.233	8.48370070865443e-15	CDC14A	c4
2.87182335209042e-19	0.523092421442068	0.269	0.169	9.67632160253347e-15	LSR	c4
2.94258912552026e-19	0.630944030184563	0.2	0.116	9.91475979952798e-15	SYTL2	c4
3.03015124387883e-19	1.1389930730228	0.072	0.029	1.02097916011253e-14	AF213884.2	c4
5.08096816750683e-19	0.77967634597656	0.153	0.083	1.71198141435975e-14	SFMBT1	c4
5.84031073715674e-19	0.370100512634201	0.632	0.503	1.96783429977759e-14	OSTF1	c4
6.90249127602622e-19	1.78807967999165	0.034	0.009	2.32572541054427e-14	ZNF365	c4
8.4431929072938e-19	0.313021230779598	0.821	0.718	2.84484941818357e-14	CIB1	c4
2.05768359801036e-18	0.123062347171618	0.991	0.967	6.93315911513612e-14	MT-ND5	c4
2.13606419041352e-18	0.692246907348715	0.133	0.069	7.19725468317931e-14	CTD-2562J15.6	c4
3.1187945970225e-18	0.386005580552244	0.513	0.387	1.05084665152076e-13	CCDC107	c4
3.16613974249044e-18	0.367402100858294	0.997	0.984	1.06679912483473e-13	AC090498.1	c4
4.50268173608429e-18	0.962043600061146	0.103	0.05	1.51713358415624e-13	SMIM3	c4
4.76054617052867e-18	0.953607906281155	0.09	0.041	1.60401842669793e-13	SBF2	c4
4.94215817484711e-18	2.17121457679978	0.019	0.003	1.66521077543299e-13	SLC4A10	c4
5.11235653962238e-18	0.988676035391218	0.075	0.032	1.72255741246037e-13	PLCB1	c4
6.19146975476245e-18	0.448205730493663	0.393	0.277	2.08615381916966e-13	RGS14	c4
6.69485840030072e-18	0.673990808783436	0.315	0.217	2.25576558939732e-13	PHLDA1	c4
6.89773510560472e-18	0.213799391254752	0.865	0.748	2.32412286648246e-13	ZFP36L1	c4
8.05817483221856e-18	0.399768978509601	0.484	0.36	2.71512142796772e-13	PDE4B	c4
8.7041516756272e-18	1.72500730645938	0.03	0.008	2.93277686558583e-13	ACE	c4
9.16925228839804e-18	0.518915944588391	0.286	0.187	3.08948786605284e-13	SH3BP5	c4
9.35129105733904e-18	2.25986208777271	0.02	0.004	3.15082400885982e-13	GREM2	c4
1.43820112278855e-17	0.449696841678748	0.38	0.27	4.84587486312375e-13	LPIN2	c4
1.77899477242408e-17	0.778913946422983	0.134	0.072	5.99414498620569e-13	GALNT6	c4
1.88398609041253e-17	0.307019783479489	0.759	0.623	6.34790273303598e-13	MCL1	c4
1.91144011763654e-17	0.382036754663917	0.639	0.522	6.44040633236457e-13	RGCC	c4
2.52204663472808e-17	0.687655228023686	0.156	0.087	8.49778393105278e-13	MGAT5	c4
2.70892085881568e-17	0.208970756985523	0.887	0.755	9.12743794169354e-13	GIMAP7	c4
4.80339423337565e-17	0.306214371892866	0.957	0.893	1.61845565299359e-12	HSP90AA1	c4
5.77014753462345e-17	0.659267275215939	0.196	0.12	1.94419351031603e-12	NUDT14	c4
5.92492217499462e-17	0.921870697005827	0.09	0.042	1.99634327764269e-12	LINC01215	c4
6.05940588025432e-17	1.23941298072982	0.059	0.023	2.04165621729289e-12	RP4-575N6.4	c4
8.60482433257462e-17	0.136530082929098	0.975	0.9	2.89930951061769e-12	S100A6	c4
8.83552142497914e-17	0.845644181995293	0.228	0.147	2.97704058893247e-12	MID1IP1	c4
9.96372071537948e-17	0.626998169739864	0.223	0.141	3.35717605783996e-12	RARA	c4
1.08851517142728e-16	1.80639300581436	0.032	0.009	3.66764301860709e-12	WNT7A	c4
1.18105783631848e-16	0.665329594324499	0.499	0.396	3.97945627369147e-12	HSPA1B	c4
1.20342081015307e-16	0.725772986533235	0.134	0.073	4.05480607772977e-12	EFCAB2	c4
1.30374055210171e-16	0.756932237332648	0.169	0.101	4.39282341625151e-12	ADAM19	c4
1.3192588370538e-16	0.251888863379095	0.795	0.672	4.44511072556908e-12	ABRACL	c4
1.40959353776111e-16	0.553188274114546	0.176	0.102	4.7494844661323e-12	ITGA6	c4
1.43563756554593e-16	1.22468045210872	0.06	0.024	4.83723721335046e-12	VIPR1	c4
1.56011445009717e-16	0.617447591297512	0.252	0.166	5.25664962815739e-12	UBXN11	c4
1.95847464829381e-16	0.428518585225916	0.308	0.206	6.59888447996116e-12	STMN3	c4
2.09718011337167e-16	1.00016746712336	0.092	0.044	7.06623867399451e-12	RP1-313I6.12	c4
2.62374267785861e-16	0.437035105948252	0.277	0.181	8.8404385787768e-12	KLF3	c4
2.73587010388924e-16	0.701585050254967	0.197	0.122	9.21824072804439e-12	JAZF1	c4
4.36148588278131e-16	1.32004671096299	0.051	0.019	1.46955905334434e-11	RP4-539M6.22	c4
4.81854361711845e-16	0.415638980702727	0.366	0.259	1.62356008635189e-11	UPP1	c4
4.94978235537461e-16	0.163003511378111	0.671	0.508	1.66777966681992e-11	TC2N	c4
5.99286121165517e-16	1.14070588756057	0.077	0.035	2.01923465665509e-11	LOXL1-AS1	c4
6.60843489043092e-16	3.11881672477223	0.011	0.001	2.2266460519818e-11	LTK	c4
6.67523799244189e-16	0.13540875247037	0.999	0.993	2.24915468917337e-11	MT-ATP6	c4
7.95762357770615e-16	1.0783072302633	0.083	0.039	2.68124168827231e-11	DSE	c4
1.01219544915933e-15	2.31538668265022	0.017	0.003	3.41049134639743e-11	TSPAN15	c4
1.02316271732879e-15	0.348270301786859	0.381	0.273	3.44744445976761e-11	PRNP	c4
1.07298546310129e-15	0.454302527824183	0.57	0.456	3.61531721937348e-11	TUBA1A	c4
1.14873593594495e-15	0.29715472815881	0.539	0.403	3.87055086257293e-11	ATP1A1	c4
1.14976968521602e-15	0.406525620554814	0.384	0.278	3.87403397736684e-11	LIX1L	c4
1.44076132466301e-15	0.122455132755652	0.993	0.96	4.85450120731955e-11	RPL4	c4
1.63124261989127e-15	0.213980003127278	0.857	0.753	5.49630888346163e-11	RPL36A	c4
1.68378169082865e-15	0.26566801338732	0.752	0.625	5.67333402907806e-11	SNHG8	c4
1.82610328273508e-15	0.139195273534907	0.614	0.485	6.15287240084757e-11	TUBA1B	c4
2.7425835400119e-15	0.291288915039767	0.534	0.399	9.2408609797161e-11	HNRNPUL1	c4
2.97218454834729e-15	0.347723502378065	0.362	0.259	1.00144786172014e-10	ABLIM1	c4
3.04800332610147e-15	1.76920754985753	0.026	0.007	1.02699424069663e-10	CXCL16	c4
3.92652006173689e-15	0.17929269747386	0.967	0.904	1.32300166960163e-10	MYL12B	c4
3.93908788681433e-15	2.15231354025467	0.018	0.004	1.32723627258322e-10	COLQ	c4
4.51969803822712e-15	0.704046299714509	0.163	0.097	1.52286705700025e-10	PER1	c4
4.57362282633249e-15	0.140234588638704	0.999	0.987	1.54103647510447e-10	RPL21	c4
4.8562905780514e-15	1.74155943800662	0.031	0.009	1.63627854736864e-10	LINC00309	c4
5.42064996653248e-15	0.246308534859836	0.581	0.449	1.82643379972345e-10	CAMK4	c4
6.85768407298655e-15	0.724963011672181	0.137	0.078	2.31062807155209e-10	INADL	c4
7.99104871126601e-15	0.113932905646548	1	0.997	2.69250395277397e-10	RPS27	c4
8.16705536793066e-15	0.191482265651073	0.589	0.44	2.75180763567056e-10	ANXA2	c4
8.78873323399001e-15	0.106634456276757	1	0.993	2.96127577586059e-10	RPL23A	c4
8.98692553408594e-15	0.84798002747734	0.111	0.06	3.02805468945492e-10	CDKN2C	c4
9.44955687356965e-15	0.456727767974312	0.222	0.142	3.18393369298056e-10	KMT2E-AS1	c4
9.65474553927327e-15	0.596540005513311	0.221	0.144	3.25306996200274e-10	UBE2Q2	c4
1.0806871681256e-14	0.539151807469612	0.174	0.104	3.6412673442824e-10	TMEM71	c4
1.11512603482971e-14	0.227956470519726	0.658	0.532	3.75730566175523e-10	RNASET2	c4
1.16381286318081e-14	0.339514137744797	0.492	0.378	3.92135106120141e-10	OSBPL8	c4
1.27857866390466e-14	0.423255622736674	0.747	0.653	4.30804295016037e-10	CRIP1	c4
1.45983318882624e-14	0.232987687191732	0.704	0.578	4.91876194643113e-10	EMB	c4
1.77588301142224e-14	0.901984764266473	0.087	0.043	5.98366021868609e-10	LDOC1	c4
2.39098127808177e-14	0.421226554479858	0.258	0.172	8.05617231836873e-10	SATB1	c4
2.67335861208904e-14	0.192503397388669	0.921	0.834	9.00761450757282e-10	CD44	c4
3.06086903030417e-14	0.488493036803078	0.23	0.151	1.03132921107069e-09	CERK	c4
3.54702361942081e-14	0.403652453837393	0.375	0.272	1.19513413832765e-09	NFKB1	c4
3.5726231925583e-14	0.647514636481018	0.127	0.071	1.20375965850059e-09	CD300A	c4
4.03434198122608e-14	0.125390370099912	0.998	0.978	1.35933118715432e-09	RPL27	c4
4.31482951986175e-14	0.509039111954362	0.247	0.166	1.45383865842222e-09	ABHD13	c4
4.44640744341253e-14	0.670389316565946	0.116	0.063	1.49817252398342e-09	FXYD1	c4
4.52429394255581e-14	1.27714717017652	0.033	0.011	1.52441560100475e-09	SPON1	c4
4.56272489703549e-14	1.64063802069098	0.028	0.008	1.53736452680714e-09	METTL21B	c4
8.17049829637912e-14	0.41733999616588	0.422	0.322	2.75296769598198e-09	IL27RA	c4
1.06622882588713e-13	0.775344050940477	0.096	0.05	3.59255140594409e-09	GNAQ	c4
1.07173079522656e-13	0.121010232599211	0.826	0.691	3.61108974143638e-09	SPOCK2	c4
1.12327927584716e-13	0.356004957176119	0.304	0.214	3.78477719203942e-09	GLUL	c4
1.43393694802763e-13	0.105996043990415	0.988	0.951	4.83150715268429e-09	RPL7	c4
2.14186931711854e-13	0.424700101308838	0.334	0.242	7.2168144770992e-09	TMBIM1	c4
2.15560678586293e-13	0.367027937050071	0.41	0.306	7.26310150428657e-09	LYSMD2	c4
2.48343027732934e-13	0.405918192174523	0.244	0.163	8.36766997643347e-09	CD55	c4
2.57678787360514e-13	0.760229997779615	0.134	0.079	8.68222906132516e-09	BAG3	c4
2.65995504071783e-13	1.83237778097482	0.025	0.007	8.96245251419467e-09	GRASP	c4
2.8001580128449e-13	0.330892873719937	0.42	0.317	9.43485240847959e-09	DSTN	c4
3.06384785138524e-13	1.16558483307149	0.075	0.037	1.03233289504574e-08	CACNA2D4	c4
3.37121128547628e-13	0.26165578537122	0.696	0.575	1.13589593052838e-08	EIF5A	c4
3.49600470914562e-13	0.531441061124731	0.179	0.113	1.17794382669953e-08	PPP3CA	c4
3.59948923999498e-13	2.54810309138387	0.012	0.002	1.21281190452391e-08	S100A9	c4
3.65597965698451e-13	1.0039909998406	0.059	0.026	1.23184578562436e-08	ACVR2A	c4
4.14613777864139e-13	2.48994916740241	0.018	0.004	1.39699966313543e-08	HBEGF	c4
4.73661413070787e-13	1.08143441361874	0.048	0.019	1.59595476520071e-08	ZBTB16	c4
5.30756480616609e-13	0.710270429915648	0.084	0.042	1.7883308857896e-08	MDS2	c4
5.95063753268823e-13	0.263821170932121	0.651	0.536	2.00500781026397e-08	IDS	c4
6.09723403600367e-13	1.0743113292424	0.058	0.026	2.05440203609108e-08	VCL	c4
6.68985289326185e-13	0.330787134429854	0.351	0.255	2.25407903385565e-08	PBX4	c4
8.99275760281466e-13	0.204452216272352	0.669	0.538	3.03001974669237e-08	TMEM123	c4
9.34438350157274e-13	0.311884958009264	0.338	0.246	3.14849657701992e-08	NFKB2	c4
1.01280386546374e-12	0.174877618275115	0.897	0.8	3.41254134429354e-08	HSP90AB1	c4
1.11597952911733e-12	0.180175637399891	0.858	0.766	3.76018142540793e-08	LEPROTL1	c4
1.22629236898459e-12	0.19663703187869	0.516	0.388	4.13186950805666e-08	STOM	c4
1.37652156097978e-12	0.85396976846235	0.116	0.067	4.63805174756527e-08	CTSH	c4
1.44137996818795e-12	0.458359131205524	0.385	0.292	4.85658566481249e-08	HIST1H1D	c4
1.44138940430345e-12	0.979970246347235	0.074	0.037	4.85661745886005e-08	PGLYRP2	c4
1.77354465308545e-12	0.319380907498297	0.309	0.218	5.97578135410612e-08	KCNA3	c4
2.05732437792298e-12	0.702997108293209	0.166	0.106	6.9319487589737e-08	MYC	c4
2.09143095379749e-12	0.856966345283855	0.066	0.031	7.04686745572526e-08	VSIG1	c4
2.16613012385648e-12	1.61478537071871	0.049	0.021	7.29855883932201e-08	CCL20	c4
2.24370229461983e-12	0.40864625447434	0.204	0.134	7.55993051149206e-08	TNF	c4
2.61385427805174e-12	0.420339226215223	0.226	0.151	8.80712060446754e-08	RP11-707G18.1	c4
3.277145953462e-12	0.571385973376724	0.164	0.103	1.10420155755949e-07	MPZL3	c4
3.97620468442929e-12	0.550736221321492	0.133	0.079	1.3397424063716e-07	CHD7	c4
4.25327443029333e-12	0.584788101703317	0.148	0.09	1.43309828654303e-07	TPD52	c4
4.35797773742383e-12	0.630297534287102	0.136	0.082	1.46837701884759e-07	FRMD4B	c4
4.37625235417209e-12	0.233559393456963	0.443	0.337	1.47453446821474e-07	NELL2	c4
5.19486406218196e-12	0.156675373422144	0.809	0.682	1.75035749711159e-07	PLP2	c4
5.64264476834576e-12	1.22938242466443	0.04	0.015	1.90123272824642e-07	SEMA4C	c4
6.60142382584601e-12	0.498808905993996	0.171	0.109	2.22428374388056e-07	RASSF3	c4
7.14703109080311e-12	0.276454937519913	0.555	0.446	2.4081206557352e-07	TMED10	c4
8.71177618914784e-12	0.377121340848306	0.231	0.156	2.93534586917147e-07	LINC00623	c4
9.31639792653923e-12	1.02989411020909	0.048	0.02	3.13906711736813e-07	RP11-89K10.1	c4
1.01183969514061e-11	1.11024513816706	0.038	0.015	3.40929266880678e-07	FMN1	c4
1.04498559505044e-11	0.28455766165729	0.45	0.354	3.52097446396296e-07	JUND	c4
1.26177791601561e-11	0.538688626669745	0.171	0.11	4.251434510223e-07	SMAD3	c4
1.37512907852233e-11	0.371744622703062	0.319	0.235	4.63335991717312e-07	GPR65	c4
1.60576432429597e-11	1.57920439435315	0.035	0.013	5.41046231428283e-07	ID1	c4
1.67722026868904e-11	0.570599110856096	0.132	0.079	5.65122597332084e-07	CLIC5	c4
1.67905202651908e-11	0.942597826743525	0.062	0.03	5.6573978981534e-07	CFP	c4
1.72779811981535e-11	0.24540123157668	0.532	0.421	5.82164298490584e-07	ARRB2	c4
1.80441113635513e-11	0.34092991316245	0.386	0.295	6.07978288283498e-07	SYTL1	c4
2.09207474209566e-11	1.30383531409509	0.042	0.017	7.04903663601712e-07	AGPAT4	c4
2.21430464347009e-11	0.249688431289783	0.419	0.32	7.46087806570812e-07	ST3GAL1	c4
2.38390883896032e-11	1.67126364963552	0.025	0.008	8.03234244199289e-07	MAML3	c4
2.49267833811343e-11	0.319549716835703	0.428	0.33	8.39883039243941e-07	RGS19	c4
2.5151893292417e-11	0.60128179064021	0.144	0.09	8.47467892594697e-07	SLC39A8	c4
2.56842277988921e-11	0.250860126395078	0.67	0.56	8.65404371455872e-07	CDKN1B	c4
2.97668652710016e-11	1.29727777484497	0.029	0.01	1.00296475844113e-06	ACVR1C	c4
3.94304731901721e-11	0.251945437086315	0.492	0.389	1.32857036366966e-06	ZC3HAV1	c4
6.20078046045281e-11	0.446679011024545	0.207	0.14	2.08929096834497e-06	BEX2	c4
6.29053959567438e-11	0.779615254559489	0.084	0.045	2.11953441136652e-06	DUSP5	c4
6.56187481201076e-11	0.145621304239275	0.756	0.643	2.21095809915891e-06	HIST1H4C	c4
6.58282857208838e-11	1.80468071156247	0.018	0.005	2.21801825907946e-06	WWC2	c4
7.75425662486746e-11	0.407793003916	0.239	0.168	2.61271922718284e-06	TMEM204	c4
7.97025543151104e-11	0.297447854375652	0.469	0.373	2.68549786509333e-06	NR4A2	c4
8.15050819844016e-11	0.345837071781557	0.391	0.304	2.74623223238243e-06	GIMAP1	c4
8.65154753276797e-11	0.187482178301654	0.604	0.487	2.91505242569084e-06	ITGB1	c4
1.00767129354032e-10	0.582748226847791	0.123	0.075	3.39524765645477e-06	APP	c4
1.044657333935e-10	0.102891198586053	0.995	0.965	3.5198684209606e-06	RPL31	c4
1.06853007529e-10	0.269802728240486	0.364	0.273	3.60030523568213e-06	RCAN3	c4
1.15982024989977e-10	0.470592958295251	0.134	0.083	3.90789835001229e-06	BACH2	c4
1.22700533893136e-10	2.32201545440862	0.01	0.002	4.13427178899532e-06	DAB1	c4
1.31266320686596e-10	0.269341424788369	0.438	0.34	4.42288740921417e-06	AKIRIN1	c4
1.38854979238508e-10	1.25454011173157	0.036	0.014	4.6785796704623e-06	CCDC65	c4
1.97488814871375e-10	1.31334871886785	0.035	0.014	6.65418812827612e-06	CKAP4	c4
2.05543617840626e-10	0.131215240432506	0.445	0.338	6.92558665952207e-06	PRDM1	c4
2.26477106393768e-10	0.605399641032304	0.102	0.059	7.63091962283162e-06	ZSCAN18	c4
2.31930705477997e-10	0.676288967968491	0.076	0.04	7.81467319037562e-06	RP11-936I5.1	c4
2.38332441919959e-10	0.572156892295058	0.119	0.072	8.03037329805109e-06	NME4	c4
2.3903671415726e-10	1.06948794301536	0.04	0.017	8.0541030468147e-06	HOOK1	c4
2.46083351310694e-10	0.137692941569131	0.925	0.86	8.29153243906254e-06	CYTIP	c4
2.58133976186832e-10	0.294226673360384	0.486	0.388	8.69756619363912e-06	YME1L1	c4
2.62658397268207e-10	0.173882106332004	0.8	0.689	8.85001203755496e-06	EIF4B	c4
2.63069274166892e-10	0.405405738380312	0.223	0.156	8.86385612377927e-06	RBKS	c4
2.84219211072118e-10	0.455247316508627	0.201	0.139	9.57648209786393e-06	TIPARP	c4
3.46679704952807e-10	0.657668427616336	0.083	0.046	1.16810259786799e-05	PDE8A	c4
3.56446145779213e-10	0.18773603280583	0.652	0.537	1.20100964358848e-05	TNFAIP8	c4
3.64836423791121e-10	0.541702054438878	0.244	0.176	1.2292798463218e-05	CHMP1B	c4
3.68768532800243e-10	0.295887798409971	0.275	0.198	1.24252869441714e-05	SNRK	c4
3.76238317325351e-10	0.357740841218415	0.291	0.215	1.26769738639604e-05	PRKX	c4
3.76240326936794e-10	0.370328143193547	0.228	0.159	1.26770415758083e-05	CAMK1D	c4
4.12000190671421e-10	1.32079831001469	0.026	0.009	1.38819344244829e-05	ZNF208	c4
4.35181678983659e-10	0.241285529943463	0.582	0.478	1.46630114916754e-05	IRF1	c4
4.53407198483092e-10	1.72987137964108	0.017	0.004	1.52771021456893e-05	RP11-347C12.3	c4
4.5871776768824e-10	1.37763554925617	0.03	0.011	1.54560364644876e-05	GBGT1	c4
4.64655990735355e-10	0.223203422772343	0.561	0.457	1.56561189518371e-05	M6PR	c4
5.15302647693003e-10	0.325854785114874	0.256	0.186	1.73626074113681e-05	CD226	c4
5.31735387854731e-10	0.561332124833723	0.109	0.065	1.79162921583773e-05	RELL1	c4
5.40320818104014e-10	0.689542769633416	0.109	0.066	1.82055696451966e-05	NBL1	c4
6.30876119809763e-10	1.33724001898462	0.024	0.008	2.12567399808702e-05	RP11-356J5.12	c4
6.5833982889638e-10	0.302067482430101	0.303	0.224	2.21821021948346e-05	SENP7	c4
6.70090683922397e-10	0.6684778934476	0.11	0.066	2.25780355040812e-05	AC013264.2	c4
7.25116543478885e-10	0.56766172169622	0.109	0.066	2.44320768159775e-05	AFAP1	c4
7.31229616059609e-10	0.746260629693994	0.07	0.037	2.46380506835125e-05	ZNF677	c4
7.97122550816257e-10	1.71055833046268	0.021	0.007	2.6858247227203e-05	PANK1	c4
8.16172754290948e-10	0.210676611489759	0.39	0.294	2.75001247830792e-05	SORL1	c4
9.20232599206202e-10	0.194646912846193	0.534	0.42	3.10063171976538e-05	SAMSN1	c4
9.21021314462269e-10	0.951522381048738	0.048	0.023	3.10328921694917e-05	CITED4	c4
9.48153079454436e-10	1.55017767997408	0.02	0.006	3.19470698591378e-05	MAGI3	c4
9.61085491209099e-10	0.254342770571567	0.297	0.218	3.23828145407994e-05	P2RY8	c4
9.72735055052755e-10	0.190205315822451	0.456	0.354	3.27753349449475e-05	GLIPR2	c4
1.10355799523059e-09	0.684308278836277	0.11	0.067	3.71832830912994e-05	PRKD3	c4
1.11310754323688e-09	1.87361873073942	0.014	0.004	3.75050455618234e-05	SNCA	c4
1.13116953957129e-09	0.374329242396767	0.268	0.197	3.81136264663152e-05	TBC1D10A	c4
1.14835201439286e-09	0.979241115338484	0.056	0.028	3.86925727729531e-05	SLCO3A1	c4
1.26828619743871e-09	0.250037623937019	0.472	0.375	4.27336351365e-05	GATA3	c4
1.36209478074251e-09	0.481047472050711	0.144	0.093	4.58944215423383e-05	FOSL2	c4
1.37600884720398e-09	1.09756066790013	0.04	0.017	4.6363242097691e-05	NDRG2	c4
1.37661945114697e-09	0.170651181866085	0.403	0.306	4.63838157869459e-05	SLAMF1	c4
1.47689757210883e-09	0.900134451752117	0.057	0.029	4.9762586794635e-05	BEX5	c4
1.56987943290751e-09	0.536157998606145	0.186	0.13	5.28955176123857e-05	ZC3H12A	c4
1.64039777266359e-09	0.185335526923133	0.419	0.323	5.52715625521269e-05	AIM1	c4
1.7583452235373e-09	1.66068023373122	0.025	0.009	5.92456839618657e-05	LOXL1	c4
1.8222038133736e-09	0.144559559016529	0.821	0.704	6.139733528781e-05	GPX4	c4
1.88292410071107e-09	0.143631005971425	0.851	0.759	6.34432446493589e-05	EIF3E	c4
2.33914072728802e-09	0.231922722218083	0.398	0.308	7.88150076652425e-05	CDC42EP3	c4
2.5244180888765e-09	0.497602671748914	0.166	0.112	8.50577430866048e-05	LINC00324	c4
2.62905393039711e-09	0.205056753173724	0.626	0.529	8.85833431308001e-05	PRMT2	c4
2.65348386527838e-09	0.498932246679145	0.202	0.143	8.94064853566897e-05	CASP6	c4
2.74387216413585e-09	0.469977785226697	0.205	0.146	9.24520286983932e-05	ARRDC2	c4
2.76160349346628e-09	1.00114094567819	0.042	0.019	9.30494681088527e-05	BTBD11	c4
2.77248339324643e-09	0.83218924396274	0.042	0.019	9.34160554520451e-05	TJP3	c4
2.99189295088454e-09	0.267357391803907	0.396	0.312	0.000100808841087104	TES	c4
3.29618734260426e-09	0.627344584196707	0.095	0.056	0.000111061736321708	ACSL6	c4
3.40822444919164e-09	1.41830969573678	0.027	0.01	0.000114836714591063	VASH1	c4
3.42428340131424e-09	0.209873939210273	0.616	0.505	0.000115377804923882	DHRS7	c4
3.53252867285785e-09	2.07394296689199	0.015	0.004	0.000119025021103272	RGS18	c4
3.55934587748658e-09	0.42277540549926	0.135	0.087	0.000119928599996033	FXYD7	c4
3.67096104977498e-09	0.43386722794712	0.173	0.118	0.000123689361611118	ARNTL	c4
3.69172173336695e-09	0.41268090191306	0.184	0.127	0.000124388872084066	VPS13D	c4
4.22162816914031e-09	0.531599449918249	0.237	0.175	0.000142243539531013	C1orf162	c4
4.30191029845316e-09	2.44246909088119	0.011	0.002	0.000144948565596081	TRIQK	c4
4.56773162091383e-09	0.620505369996408	0.096	0.057	0.000153905149235071	ARHGAP5	c4
4.6243705896202e-09	0.707120355358549	0.049	0.024	0.000155813542646663	C6orf99	c4
4.99021573522255e-09	0.302602440202413	0.272	0.2	0.000168140328982589	PXN	c4
4.99237668200981e-09	0.997271123663431	0.039	0.017	0.000168213139923639	CLCF1	c4
5.17055388229147e-09	0.210514831114126	0.589	0.499	0.000174216642509929	SOCS1	c4
5.40251727153127e-09	0.601975741220703	0.15	0.101	0.000182032416946974	RP11-596C23.2	c4
5.94160760409935e-09	1.04833724555408	0.031	0.013	0.000200196526612524	IL5RA	c4
6.50755811883294e-09	0.247450167415643	0.397	0.308	0.000219265663255957	MFNG	c4
6.61258964741613e-09	0.687068159519377	0.085	0.049	0.000222804595580039	SMAD7	c4
7.18098482230623e-09	0.372063957532726	0.163	0.11	0.000241956102602786	SH3YL1	c4
7.83343048614495e-09	0.797912351432487	0.067	0.036	0.000263939606800168	EEPD1	c4
1.17795535628742e-08	1.59913347109726	0.02	0.007	0.000396900277747484	RP11-532F12.5	c4
1.32709794152902e-08	0.495229655614855	0.133	0.088	0.000447152380418789	CYSLTR1	c4
1.410976086573e-08	0.201331092133924	0.429	0.337	0.000475414282609907	ITGB7	c4
1.55015105186639e-08	0.473218892974935	0.107	0.066	0.000522307895415861	RP11-138A9.2	c4
1.62608024525862e-08	1.06843845467476	0.043	0.021	0.000547891477837438	RNF207	c4
1.65063631141001e-08	0.401397975645242	0.258	0.194	0.00055616539876649	C16orf54	c4
1.74140114582738e-08	0.311615204356035	0.26	0.194	0.000586747702075079	RIF1	c4
1.87552110946952e-08	0.156668298737689	0.616	0.51	0.000631938082624661	RNF149	c4
1.96181526255005e-08	0.371582546439908	0.177	0.122	0.000661014034563614	DENND4A	c4
2.02747139864911e-08	1.01198827457719	0.038	0.017	0.000683136213060833	SNTA1	c4
2.37499241109533e-08	0.316755184209976	0.662	0.579	0.000800229942994462	DDIT4	c4
2.41487462318599e-08	1.10648866789736	0.03	0.012	0.000813667855536286	MCC	c4
2.59825022923187e-08	0.332486410698039	0.2	0.142	0.000875454432237386	ENO2	c4
2.65140371714266e-08	0.329516643984102	0.222	0.16	0.000893363968454047	WHAMM	c4
2.71566645711599e-08	1.10004068123066	0.029	0.012	0.00091501665606066	GPAT3	c4
2.73727150684045e-08	0.100346005655109	0.985	0.946	0.00092229626151482	LAPTM5	c4
2.92606166040411e-08	0.724613137965074	0.065	0.036	0.000985907215856561	BEST1	c4
2.93329267429886e-08	0.110333695820049	0.338	0.263	0.000988343633678257	TNFSF10	c4
3.06954364366874e-08	0.912973088187414	0.056	0.029	0.00103425203529774	RP11-1398P2.1	c4
3.19952863246965e-08	0.958504401553828	0.064	0.036	0.00107804917742432	IER3	c4
3.26960794502557e-08	0.779859484680948	0.057	0.03	0.00110166170099692	NHSL2	c4
3.31269796694113e-08	0.468553104347757	0.163	0.114	0.00111618045298114	ORAI2	c4
3.41713540963795e-08	0.581878858660108	0.129	0.086	0.00115136960492341	VAT1	c4
3.49339485767714e-08	0.565126000555365	0.123	0.081	0.00117706446334573	ZBTB7B	c4
3.59684366458649e-08	0.276112103037374	0.286	0.218	0.00121192050434577	IVNS1ABP	c4
3.59842368574577e-08	0.723654480406373	0.065	0.036	0.00121245287667518	RLN2	c4
3.716100490867e-08	0.688521858848359	0.111	0.071	0.00125210289939273	IER5	c4
3.95838187933948e-08	0.265946311593543	0.388	0.307	0.00133373719042465	S1PR4	c4
4.25416343537201e-08	0.134669840299513	0.518	0.413	0.00143339782791425	FOXP1	c4
4.29183933730612e-08	0.549541671986423	0.096	0.059	0.00144609234631193	TNFAIP8L1	c4
4.30878011238904e-08	1.94035531911359	0.012	0.003	0.00145180037106836	RGAG4	c4
4.3302311140045e-08	1.27380177672766	0.028	0.012	0.00145902807155267	SPINT1	c4
5.06124719827277e-08	0.387459823596582	0.221	0.164	0.00170533663098603	TUBA1C	c4
5.44020308693038e-08	0.669172283596978	0.048	0.024	0.00183302202811032	RP11-138A9.1	c4
5.46543010414056e-08	0.93168573609641	0.068	0.039	0.00184152201928912	TMEM200A	c4
5.49322287924702e-08	0.235248012569437	0.382	0.302	0.00185088651693349	DOCK10	c4
5.56996379090214e-08	0.300200776646814	0.21	0.153	0.00187674359970657	ERAP1	c4
5.6081828779629e-08	1.57508728172921	0.017	0.005	0.00188962113890082	IL23R	c4
5.7325012558403e-08	0.271808482527762	0.312	0.243	0.00193150897314283	ESYT1	c4
5.98496545439111e-08	0.2508932863586	0.318	0.244	0.00201657426020254	LINC00936	c4
6.12184198336629e-08	0.299952934686304	0.228	0.167	0.00206269343787544	CFAP36	c4
6.15254070686749e-08	1.82751044489957	0.013	0.004	0.00207303706577193	PLEK2	c4
6.22677891317174e-08	0.662508501556624	0.061	0.033	0.00209805088700408	IL15	c4
6.27229322690108e-08	0.4111593838031	0.204	0.149	0.00211338647987205	FAM46C	c4
6.78560353885683e-08	1.17719429250204	0.027	0.011	0.00228634125638242	SAMD12	c4
7.07510277704691e-08	0.417472708892045	0.165	0.115	0.00238388512969819	NDRG1	c4
7.09929276265335e-08	0.311236870699015	0.279	0.215	0.00239203570344842	AP1S2	c4
7.52923694885138e-08	0.249925721988759	0.235	0.172	0.00253690109754599	RP11-51J9.5	c4
8.03885065361704e-08	1.73410594845893	0.014	0.004	0.00270861033922973	AC002306.1	c4
8.42960508463225e-08	0.172903814197525	0.641	0.536	0.00284027113721599	EIF2S3	c4
8.45988099817517e-08	0.208259714892095	0.177	0.123	0.00285047230352514	IFNG-AS1	c4
9.26069991640574e-08	0.42571617538846	0.137	0.093	0.00312030022983375	CH17-189H20.1	c4
9.44210157559304e-08	0.197229613099958	0.549	0.456	0.00318142170488032	TMED2	c4
9.60174538955208e-08	1.53731442841737	0.016	0.005	0.00323521209155568	PLPP2	c4
1.06230612317688e-07	0.728481962653235	0.075	0.044	0.00357933425143218	IL23A	c4
1.12683672614508e-07	0.729553280285923	0.051	0.027	0.00379676366507323	GSAP	c4
1.13944504054303e-07	0.205153501863781	0.42	0.337	0.00383924611960568	SYPL1	c4
1.1403280241992e-07	0.408478176406352	0.196	0.145	0.00384222124473677	SYS1	c4
1.15557971724527e-07	1.77828495386644	0.014	0.004	0.0038936102992862	EMP1	c4
1.22356026463582e-07	0.410516175947638	0.149	0.102	0.00412266395566393	KIAA0391	c4
1.22878973879779e-07	0.937056184390169	0.042	0.021	0.00414028414590529	NKD1	c4
1.33533140440363e-07	0.772994898135126	0.044	0.022	0.00449926563399759	RPPH1	c4
1.39824694582505e-07	0.722034461767995	0.077	0.046	0.00471125325926292	GRAP	c4
1.53884611839171e-07	1.08776488460231	0.035	0.016	0.00518498811130903	PFN2	c4
1.54946198254979e-07	0.247084084138736	0.256	0.192	0.00522075720400328	SLC7A6	c4
1.60287988462166e-07	0.959047551619477	0.038	0.018	0.00540074348324421	AIM1L	c4
1.64045705847301e-07	0.696824420190526	0.073	0.043	0.00552735601281897	ETV3	c4
1.67042084279359e-07	0.118938344760832	0.43	0.338	0.00562831598770872	LYAR	c4
1.67166860515962e-07	0.452374067800353	0.137	0.094	0.00563252019822481	TP53BP2	c4
1.69559972380025e-07	0.267035104874517	0.362	0.287	0.00571315370937257	TRAPPC6A	c4
1.78012663543733e-07	0.455136718735426	0.176	0.127	0.00599795868544253	PFKFB3	c4
1.8773214633888e-07	0.282844616773769	0.15	0.103	0.00632544693874222	EPHA4	c4
1.99580157069416e-07	0.19533421895002	0.236	0.172	0.00672465381229692	CTB-133G6.1	c4
2.04236255579647e-07	0.139596136323792	0.568	0.474	0.00688153639550061	CCNH	c4
2.04624093585483e-07	0.691942219492037	0.066	0.038	0.00689460420926926	LTB4R2	c4
2.05223744128973e-07	0.345411368030322	0.195	0.143	0.00691480883468162	CYB5A	c4
2.11030197605883e-07	1.46623989624596	0.016	0.005	0.00711045147813262	DNAI2	c4
2.12740375996966e-07	0.3131711961101	0.145	0.099	0.00716807422884178	HECA	c4
2.21740404962907e-07	0.502422908341059	0.131	0.089	0.0074713212048202	RASSF2	c4
2.21890149818066e-07	0.101973269997341	0.505	0.409	0.00747636670796992	CKLF	c4
2.25058037294321e-07	0.176421946765279	0.516	0.422	0.00758310550859486	RBMS1	c4
2.36335541217224e-07	0.591649466048594	0.166	0.122	0.00796308972577313	CTD-2192J16.22	c4
2.50771500394634e-07	0.165109011551516	0.604	0.506	0.00844949493429681	KTN1	c4
2.52360061088089e-07	0.234359450852828	0.143	0.097	0.00850301989830205	TGFBR3	c4
2.56883140683675e-07	0.413937677386377	0.23	0.175	0.00865542054219576	HIST1H1C	c4
2.69696462266993e-07	0.812378644430301	0.046	0.023	0.00908715259962405	FAM84B	c4
2.72134026070545e-07	0.251508338808524	0.21	0.153	0.00916928387442095	PLEKHA1	c4
2.75662330276469e-07	0.607792659996393	0.048	0.025	0.00928816655633535	MEGF6	c4
3.00149164744165e-07	0.453826571766885	0.144	0.1	0.0101132259568899	FXN	c4
3.02831886955756e-07	0.832853922773917	0.049	0.026	0.0102036175990873	RASGRF2	c4
3.96154217020713e-07	0.22531878943667	0.236	0.175	0.0133480201882959	CFAP97	c4
4.17849125184126e-07	0.322354480182773	0.219	0.164	0.014079008423954	MAP4K2	c4
4.21519120890074e-07	0.659594701907658	0.077	0.047	0.0142026652592702	TUBB2A	c4
4.38574923656703e-07	0.515442683996378	0.104	0.068	0.0147773434776889	SMURF2	c4
4.45168213758842e-07	0.192851514833051	0.365	0.292	0.0149994977943904	PLEC	c4
4.96095567630888e-07	0.483456411866349	0.098	0.063	0.0167154440557551	CTA-292E10.6	c4
5.03467313936268e-07	0.207815612391265	0.305	0.237	0.0169638276757686	ANP32E	c4
5.15301462793368e-07	0.252314522284876	0.255	0.194	0.0173625674873597	RPS6KA3	c4
5.20922597694202e-07	1.61248506247658	0.012	0.004	0.0175519660067084	PRSS16	c4
5.55442013154626e-07	0.125290052760089	0.51	0.408	0.018715063191232	TRAT1	c4
5.68282886318297e-07	0.463906628897904	0.119	0.08	0.0191477235716087	SNAI3	c4
5.69457414742582e-07	0.171519484527513	0.435	0.351	0.0191872981323365	PHF1	c4
5.99480407816953e-07	0.211828370867084	0.296	0.228	0.0201988928609844	IMPDH2	c4
6.00745730234676e-07	1.04523931625334	0.03	0.014	0.0202415266345272	RP11-61J19.5	c4
7.04931436759745e-07	0.331146032712719	0.142	0.098	0.0237519598301828	FOXO3	c4
7.3145153143069e-07	0.135549935001404	0.493	0.4	0.0246455279000257	INPP4B	c4
7.39235578900772e-07	0.162507823243332	0.43	0.347	0.0249078035954826	CEBPB	c4
7.54050883118753e-07	0.121550505146194	0.772	0.666	0.0254069904558033	EIF3L	c4
7.65054681200594e-07	0.380890352441907	0.166	0.12	0.0257777524283728	CDKN2D	c4
8.06280051975888e-07	0.502262937437485	0.106	0.071	0.0271668000712756	FHOD1	c4
8.10117002985821e-07	1.80905317369455	0.011	0.003	0.0272960822986043	LZTS1	c4
8.31347472330143e-07	1.49466842630858	0.014	0.005	0.0280114217326918	RP11-585P4.5	c4
8.90325408123084e-07	0.995176553129944	0.037	0.018	0.0299986243012992	SYNM	c4
9.32523502156125e-07	0.174871249281416	0.573	0.476	0.0314204468816485	ARL4C	c4
9.51886917995698e-07	0.507296014608176	0.085	0.054	0.032072877814947	RNF130	c4
1.08004834311001e-06	1.48624282984923	0.012	0.003	0.0363911488727488	ANKRD18A	c4
1.11171792755945e-06	0.650406872011109	0.067	0.04	0.037458223851188	RLN1	c4
1.15467442634281e-06	0.861638394783195	0.035	0.017	0.0389056001211946	ACVR1B	c4
1.16598093435657e-06	0.469246508693403	0.111	0.075	0.0392865616022104	CD200R1	c4
1.32489927754254e-06	0.49558228707023	0.111	0.075	0.0446411562575184	BPGM	c4
1.33470074561611e-06	1.75750833438923	0.011	0.003	0.0449714069227891	RP11-6F2.5	c4
1.36350289203592e-06	1.40631758620734	0.013	0.004	0.0459418664442583	METTL24	c4
1.38275176762397e-06	1.18341503225505	0.025	0.011	0.046590438058322	P2RY14	c4
1.39732004764779e-06	0.477419064550696	0.099	0.065	0.0470813016854447	SLC44A1	c4
1.41226296175512e-06	0.756647120617542	0.059	0.034	0.0475847882333772	C3AR1	c4
1.41739089107613e-06	0.903928196087583	0.037	0.019	0.0477575686839192	XYLT1	c4
